USE stock_inventory;

INSERT INTO `user` VALUES
('fdc9aaa3-c55f-413f-b81f-39199690e233', '2022-10-17 04:08:27', '2022-10-17 04:20:20', 'james', 'honey', 'jh@jh', 'jh'),
('fdc9aaa3-c55f-413f-b81f-39199690e234', '2022-10-16 04:08:27', '2022-10-16 04:20:20', 'decland', 'noble', 'dn@dn', 'dn'),
('fdc9aaa3-c55f-413f-b81f-39199690e235', '2022-10-15 04:08:27', '2022-10-15 04:20:20', 'jon', 'clus', 'jc@jc', 'jc'),
('fdc9aaa3-c55f-413f-b81f-39199690e236', '2022-10-14 04:08:27', '2022-10-14 04:20:20', 'cienna', 'nguyen', 'cn@cn', 'cn');

INSERT INTO `product` VALUES
('pdc9aaa3-c55f-413f-b81f-39199690e233', '2022-10-17 04:08:27', '2022-10-17 04:20:20', 'candle1', 'fdc9aaa3-c55f-413f-b81f-39199690e233',
'9.9', '10', 'This is candle1', '14', 'instock'),
('pdc9aaa4-c55f-413f-b81f-39199690e233', '2022-10-17 04:08:27', '2022-10-17 04:20:20', 'candle2', 'fdc9aaa3-c55f-413f-b81f-39199690e233',
'8.8', '10', 'This is candle2', '15', 'instock'),
('pdc9aaa5-c55f-413f-b81f-39199690e233', '2022-10-17 04:08:27', '2022-10-17 04:20:20', 'candle3', 'fdc9aaa3-c55f-413f-b81f-39199690e233',
'7.7', '10', 'This is candle3', '5', 'lowstock'),
('adc9aaa3-c55f-413f-b81f-39199690e234', '2022-10-17 04:08:27', '2022-10-17 04:20:20', 'curtain1', 'fdc9aaa3-c55f-413f-b81f-39199690e234',
'98.1', '100', 'This is curtain1', '20', 'instock'),
('adc9aaa4-c55f-413f-b81f-39199690e234', '2022-10-17 04:08:27', '2022-10-17 04:20:20', 'curtain2', 'fdc9aaa3-c55f-413f-b81f-39199690e234',
'12.12', '20', 'This is curtain2', '100', 'overstock'),
('ndc9aaa4-c55f-413f-b81f-39199690e234', '2022-10-17 04:08:27', '2022-10-17 04:20:20', 'comic1', 'fdc9aaa3-c55f-413f-b81f-39199690e236',
'10', '20', 'This is comic1', '0', 'nostock'),
('ndc9aaa3-c55f-413f-b81f-39199690e234', '2022-10-17 04:08:27', '2022-10-17 04:20:20', 'comic2', 'fdc9aaa3-c55f-413f-b81f-39199690e236',
'15', '20', 'This is comic2', '9', 'lowstock');

INSERT INTO `sales` VALUES
('odc9aaa3-c55f-413f-b81f-39199690e233', '2022-10-17 02:08:27', '2022-10-17 02:20:20', 'fdc9aaa3-c55f-413f-b81f-39199690e233', '0'),
('odc9aaa3-c55f-413f-b81f-39199690e234', '2022-10-17 02:08:27', '2022-10-17 02:20:20', 'fdc9aaa3-c55f-413f-b81f-39199690e236', '25');

INSERT INTO `sales_detail` VALUES
('ddc9aaa3-c55f-413f-b81f-39199690e233', '2022-10-17 02:08:27', '2022-10-17 02:20:20',
'odc9aaa3-c55f-413f-b81f-39199690e233', 'pdc9aaa3-c55f-413f-b81f-39199690e233', '0', '10', '2', '20', '0.2'),
('ddc9aaa4-c55f-413f-b81f-39199690e233', '2022-10-17 02:08:27', '2022-10-17 02:20:20',
'odc9aaa3-c55f-413f-b81f-39199690e234', 'ndc9aaa4-c55f-413f-b81f-39199690e234', '25', '15', '2', '30', '10'),
('ddc9aaa5-c55f-413f-b81f-39199690e233', '2022-10-17 02:08:27', '2022-10-17 02:20:20',
'odc9aaa3-c55f-413f-b81f-39199690e234', 'ndc9aaa3-c55f-413f-b81f-39199690e234', '25', '15', '2', '30', '0');