INSERT INTO `user` VALUES
('fdc9aaa3-c55f-413f-b81f-39199690e233', '2022-10-17 04:08:27', '2022-10-17 04:20:20', 'james', 'honey', 'jh@jh', '373633ec8af28e5afaf6e5f4fd87469b'),
('fdc9aaa3-c55f-413f-b81f-39199690e234', '2022-10-16 04:08:27', '2022-10-16 04:20:20', 'declan', 'noble', 'dn@dn', '567c996739edfa1cdbad4c55a80580df'),
('fdc9aaa3-c55f-413f-b81f-39199690e235', '2022-10-15 04:08:27', '2022-10-15 04:20:20', 'jon', 'clus', 'jc@jc', 'b7adde8a9eec8ce92b5ee0507ce054a4'),
('fdc9aaa3-c55f-413f-b81f-39199690e236', '2022-10-14 04:08:27', '2022-10-14 04:20:20', 'cienna', 'nguyen', 'cn@cn', '7efdfc94655a25dcea3ec85e9bb703fa'),
('fdc9aaa3-c55f-413f-b81f-39199690e237', '2022-10-14 04:08:27', '2022-10-14 04:20:20', 'shirley', 'strahan', 'cn@cn', '7efdfc94655a25dcea3ec85e9bb703fc');


INSERT INTO `product` VALUES
('pdc9aaa3-c55f-413f-b81f-39199690e233', '2022-10-17 04:08:27', '2022-10-17 04:20:20', 'candle1', 'fdc9aaa3-c55f-413f-b81f-39199690e233', '9.9', '10', 'This is candle1', '14', 'instock'),
('pdc9aaa4-c55f-413f-b81f-39199690e233', '2022-10-17 04:08:27', '2022-10-17 04:20:20', 'candle2', 'fdc9aaa3-c55f-413f-b81f-39199690e233', '8.8', '10', 'This is candle2', '15', 'instock'),
('pdc9aaa5-c55f-413f-b81f-39199690e233', '2022-10-17 04:08:27', '2022-10-17 04:20:20', 'candle3', 'fdc9aaa3-c55f-413f-b81f-39199690e233', '7.7', '10', 'This is candle3', '5', 'lowstock'),
('adc9aaa3-c55f-413f-b81f-39199690e234', '2022-10-17 04:08:27', '2022-10-17 04:20:20', 'curtain1', 'fdc9aaa3-c55f-413f-b81f-39199690e234', '98.1', '100', 'This is curtain1', '20', 'instock'),
('adc9aaa4-c55f-413f-b81f-39199690e234', '2022-10-17 04:08:27', '2022-10-17 04:20:20', 'curtain2', 'fdc9aaa3-c55f-413f-b81f-39199690e234', '12.12', '20', 'This is curtain2', '100', 'overstock'),
('ndc9aaa4-c55f-413f-b81f-39199690e234', '2022-10-17 04:08:27', '2022-10-17 04:20:20', 'comic1', 'fdc9aaa3-c55f-413f-b81f-39199690e236', '10', '20', 'This is comic1', '0', 'nostock'),
('ndc9aaa3-c55f-413f-b81f-39199690e234', '2022-10-17 04:08:27', '2022-10-17 04:20:20', 'comic2', 'fdc9aaa3-c55f-413f-b81f-39199690e236', '15', '20', 'This is comic2', '9', 'lowstock'),
('ndc9aaa3-c55f-413f-b81f-39199690e235', '2022-10-17 04:08:27', '2022-10-17 04:20:20', 'Sandlewood Large', 'fdc9aaa3-c55f-413f-b81f-39199690e237', '8', '11', 'Sandlewood large pillar candle', '9', 'lowstock'),
('ndc9aaa3-c55f-413f-b81f-39199690e236', '2022-10-17 04:08:27', '2022-10-17 04:20:20', 'Rolled Beeswax', 'fdc9aaa3-c55f-413f-b81f-39199690e237', '6.5', '9.5', 'Large pillar candle rolled in beeswax', '14', 'instock'),
('ndc9aaa3-c55f-413f-b81f-39199690e237', '2022-10-17 04:08:27', '2022-10-17 04:20:20', 'Citronella candles', 'fdc9aaa3-c55f-413f-b81f-39199690e237', '4.5', '7.5', 'Pack of 12 citronella candles', '30', 'instock'),
('ndc9aaa3-c55f-413f-b81f-39199690e238', '2022-10-17 04:08:27', '2022-10-17 04:20:20', 'Vanilla Candle', 'fdc9aaa3-c55f-413f-b81f-39199690e237', '9.5', '12.5', 'Large vanilla scented candle', '22', 'instock'),
('ndc9aaa3-c55f-413f-b81f-39199690e239', '2022-10-17 04:08:27', '2022-10-17 04:20:20', 'Tealight candles', 'fdc9aaa3-c55f-413f-b81f-39199690e237', '6.5', '9.5', 'Pack of 8 tealight candles', '73', 'overstock');


INSERT INTO `sales` VALUES
('ddc9aaa3-c55f-413f-b81f-39199690e233', '2022-10-17 02:08:27', '2022-10-17 02:20:20', 'fdc9aaa3-c55f-413f-b81f-39199690e233', 'pdc9aaa3-c55f-413f-b81f-39199690e233', '10', '2', '20', '0.2'),
('ddc9aaa4-c55f-413f-b81f-39199690e233', '2022-10-17 02:08:27', '2022-10-17 02:20:20', 'fdc9aaa3-c55f-413f-b81f-39199690e236', 'ndc9aaa4-c55f-413f-b81f-39199690e234', '20', '2', '40', '20'),
('ddc9aaa5-c55f-413f-b81f-39199690e233', '2022-10-17 02:08:27', '2022-10-17 02:20:20', 'fdc9aaa3-c55f-413f-b81f-39199690e236', 'ndc9aaa3-c55f-413f-b81f-39199690e234', '20', '2', '40', '10'),
('ddc9aaa6-c55f-413f-b81f-39199690e233', '2022-10-17 02:08:27', '2022-10-17 02:20:20', 'fdc9aaa3-c55f-413f-b81f-39199690e237', 'ndc9aaa3-c55f-413f-b81f-39199690e235', '11', '2', '22', '6'),
('ddc9aaa7-c55f-413f-b81f-39199690e233', '2022-10-17 02:08:27', '2022-10-17 02:20:20', 'fdc9aaa3-c55f-413f-b81f-39199690e237', 'ndc9aaa3-c55f-413f-b81f-39199690e236', '9.5', '3', '28.5', '9'),
('ddc9aaa8-c55f-413f-b81f-39199690e233', '2022-10-17 02:08:27', '2022-10-17 02:20:20', 'fdc9aaa3-c55f-413f-b81f-39199690e237', 'ndc9aaa3-c55f-413f-b81f-39199690e237', '7.5', '4', '30.0', '12'),
('ddc9aaa9-c55f-413f-b81f-39199690e233', '2022-10-17 02:08:27', '2022-10-17 02:20:20', 'fdc9aaa3-c55f-413f-b81f-39199690e237', 'ndc9aaa3-c55f-413f-b81f-39199690e238', '12.5', '1', '12.5', '3'),
('ddc9aa10-c55f-413f-b81f-39199690e233', '2022-10-17 02:08:27', '2022-10-17 02:20:20', 'fdc9aaa3-c55f-413f-b81f-39199690e237', 'ndc9aaa3-c55f-413f-b81f-39199690e239', '9.5', '10', '95', '30'),
('ddc9aa16-c55f-413f-b81f-39199690e233', '2022-10-17 02:08:27', '2022-10-17 02:20:20', 'fdc9aaa3-c55f-413f-b81f-39199690e237', 'ndc9aaa3-c55f-413f-b81f-39199690e235', '11', '1', '11', '3'),
('ddc9aa17-c55f-413f-b81f-39199690e233', '2022-10-17 02:08:27', '2022-10-17 02:20:20', 'fdc9aaa3-c55f-413f-b81f-39199690e237', 'ndc9aaa3-c55f-413f-b81f-39199690e236', '9.5', '5', '47.5', '15'),
('ddc9aa18-c55f-413f-b81f-39199690e233', '2022-10-17 02:08:27', '2022-10-17 02:20:20', 'fdc9aaa3-c55f-413f-b81f-39199690e237', 'ndc9aaa3-c55f-413f-b81f-39199690e237', '7.5', '4', '30', '12'),
('ddc9aa19-c55f-413f-b81f-39199690e233', '2022-10-17 02:08:27', '2022-10-17 02:20:20', 'fdc9aaa3-c55f-413f-b81f-39199690e237', 'ndc9aaa3-c55f-413f-b81f-39199690e238', '12.5', '2', '25', '6'),
('ddc9aa20-c55f-413f-b81f-39199690e233', '2022-10-17 02:08:27', '2022-10-17 02:20:20', 'fdc9aaa3-c55f-413f-b81f-39199690e237', 'ndc9aaa3-c55f-413f-b81f-39199690e239', '9.5', '1', '9.5', '3'),
('ddc9aa26-c55f-413f-b81f-39199690e233', '2022-10-17 02:08:27', '2022-10-17 02:20:20', 'fdc9aaa3-c55f-413f-b81f-39199690e237', 'ndc9aaa3-c55f-413f-b81f-39199690e235', '11', '3', '33', '9'),
('ddc9aa27-c55f-413f-b81f-39199690e233', '2022-10-17 02:08:27', '2022-10-17 02:20:20', 'fdc9aaa3-c55f-413f-b81f-39199690e237', 'ndc9aaa3-c55f-413f-b81f-39199690e236', '9.5', '2', '19', '6'),
('ddc9aa28-c55f-413f-b81f-39199690e233', '2022-10-17 02:08:27', '2022-10-17 02:20:20', 'fdc9aaa3-c55f-413f-b81f-39199690e237', 'ndc9aaa3-c55f-413f-b81f-39199690e237', '7.5', '6', '45', '18'),
('ddc9aa29-c55f-413f-b81f-39199690e233', '2022-10-17 02:08:27', '2022-10-17 02:20:20', 'fdc9aaa3-c55f-413f-b81f-39199690e237', 'ndc9aaa3-c55f-413f-b81f-39199690e238', '12.5', '4', '50', '12'),
('ddc9aa30-c55f-413f-b81f-39199690e233', '2022-10-17 02:08:27', '2022-10-17 02:20:20', 'fdc9aaa3-c55f-413f-b81f-39199690e237', 'ndc9aaa3-c55f-413f-b81f-39199690e239', '9.5', '3', '28.5', '9'),
('ddc9aa36-c55f-413f-b81f-39199690e233', '2022-10-17 02:08:27', '2022-10-17 02:20:20', 'fdc9aaa3-c55f-413f-b81f-39199690e237', 'ndc9aaa3-c55f-413f-b81f-39199690e235', '11', '5', '55', '15'),
('ddc9aa37-c55f-413f-b81f-39199690e233', '2022-10-17 02:08:27', '2022-10-17 02:20:20', 'fdc9aaa3-c55f-413f-b81f-39199690e237', 'ndc9aaa3-c55f-413f-b81f-39199690e236', '9.5', '12', '114', '36'),
('ddc9aa38-c55f-413f-b81f-39199690e233', '2022-10-17 02:08:27', '2022-10-17 02:20:20', 'fdc9aaa3-c55f-413f-b81f-39199690e237', 'ndc9aaa3-c55f-413f-b81f-39199690e237', '7.5', '10', '75', '30'),
('ddc9aa39-c55f-413f-b81f-39199690e233', '2022-10-17 02:08:27', '2022-10-17 02:20:20', 'fdc9aaa3-c55f-413f-b81f-39199690e237', 'ndc9aaa3-c55f-413f-b81f-39199690e238', '12.5', '2', '25', '6'),
('ddc9aa40-c55f-413f-b81f-39199690e233', '2022-10-17 02:08:27', '2022-10-17 02:20:20', 'fdc9aaa3-c55f-413f-b81f-39199690e237', 'ndc9aaa3-c55f-413f-b81f-39199690e239', '9.5', '10', '95', '30');